dependency_category,link_str,project,option_name,option_value,option_type,option_file,option_technology,dependent_option_name,dependent_option_value,dependent_option_type,dependent_option_file,dependent_option_technology,rating,final_rating,explanation,gpt-4o_without,gpt-4o_all,gpt-3.5-turbo_all,gpt-3.5-turbo_without,llama3:8b_all,llama3:70b_all,llama3:8b_without,llama3:70b_without
value-equality,mall::::mall-portal/src/main/resources/application-dev.yml::::logging.level.com.macro.mall::::debug <-> mall::::mall-search/src/main/resources/application-dev.yml::::logging.level.com.macro.mall::::debug,mall,logging.level.com.macro.mall,debug,ConfigType.UNKNOWN,mall-portal/src/main/resources/application-dev.yml,spring,logging.level.com.macro.mall,debug,ConfigType.UNKNOWN,mall-search/src/main/resources/application-dev.yml,spring,FALSE,FALSE,,False,False,True,True,,False,True,False
value-equality,mall::::mall-portal/src/main/resources/application-dev.yml::::spring.redis.port::::6379 <-> mall::::mall-portal/src/main/resources/application-prod.yml::::spring.redis.port::::6379,mall,spring.redis.port,6379,ConfigType.PORT,mall-portal/src/main/resources/application-dev.yml,spring,spring.redis.port,6379,ConfigType.PORT,mall-portal/src/main/resources/application-prod.yml,spring,FALSE,FALSE,,False,False,True,True,,False,True,False
value-equality,mall::::document/sh/Dockerfile::::ADD::::src::::mall-admin-1.0-SNAPSHOT.jar <-> mall::::document/sh/Dockerfile::::ENTRYPOINT::::param2::::mall-admin-1.0-SNAPSHOT.jar,mall,ADD.src,mall-admin-1.0-SNAPSHOT.jar,ConfigType.PATH,document/sh/Dockerfile,docker,ENTRYPOINT.param2,mall-admin-1.0-SNAPSHOT.jar,ConfigType.UNKNOWN,document/sh/Dockerfile,docker,TRUE,TRUE,,True,True,True,True,False,,,True
value-equality,mall::::mall-admin/pom.xml::::project::::version::::version:1.0-SNAPSHOT <-> mall::::mall-demo/pom.xml::::project::::version::::version:1.0-SNAPSHOT,mall,project.version,version:1.0-SNAPSHOT,ConfigType.VERSION_NUMBER,mall-admin/pom.xml,maven,project.version,version:1.0-SNAPSHOT,ConfigType.VERSION_NUMBER,mall-demo/pom.xml,maven,Borderline,FALSE,different submodules can have different values,False,False,True,True,,True,,True
value-equality,mall::::mall-portal/pom.xml::::project::::parent_mall::::groupId::::com.macro.mall <-> mall::::mall-security/pom.xml::::project::::groupId::::com.macro.mall,mall,project.parent_mall.groupId,com.macro.mall,ConfigType.NAME,mall-portal/pom.xml,maven,project.groupId,com.macro.mall,ConfigType.NAME,mall-security/pom.xml,maven,FALSE,FALSE,,False,False,False,True,False,False,True,True
value-equality,mall::::document/docker/docker-compose-env.yml::::services::::mysql::::ports::::in::::3306 <-> mall::::document/docker/docker-compose-env.yml::::services::::mysql::::ports::::out::::3306,mall,services.mysql.ports.in,3306,ConfigType.PORT,document/docker/docker-compose-env.yml,docker-compose,services.mysql.ports.out,3306,ConfigType.PORT,document/docker/docker-compose-env.yml,docker-compose,FALSE,FALSE,,False,False,True,False,True,False,False,True
value-equality,mall::::mall-admin/src/main/resources/application-dev.yml::::minio.bucketName::::mall <-> mall::::pom.xml::::project::::artifactId::::mall,mall,minio.bucketName,mall,ConfigType.UNKNOWN,mall-admin/src/main/resources/application-dev.yml,spring,project.artifactId,mall,ConfigType.NAME,pom.xml,maven,Borderline,FALSE,options do not depend on each other,False,False,False,True,,False,True,False
value-equality,mall::::mall-admin/pom.xml::::project::::parent_mall::::artifactId::::mall <-> mall::::mall-admin/src/main/resources/application.yml::::redis.database::::mall,mall,project.parent_mall.artifactId,mall,ConfigType.NAME,mall-admin/pom.xml,maven,redis.database,mall,ConfigType.NAME,mall-admin/src/main/resources/application.yml,spring,Borderline,FALSE,options do not depend on each other,False,False,False,False,False,False,,False
value-equality,mall::::mall-portal/pom.xml::::project::::parent_mall::::version::::version:1.0-SNAPSHOT <-> mall::::mall-security/pom.xml::::project::::version::::version:1.0-SNAPSHOT,mall,project.parent_mall.version,version:1.0-SNAPSHOT,ConfigType.VERSION_NUMBER,mall-portal/pom.xml,maven,project.version,version:1.0-SNAPSHOT,ConfigType.VERSION_NUMBER,mall-security/pom.xml,maven,Borderline,FALSE,different submodules can have different values,True,False,True,False,,False,True,True
value-equality,mall::::mall-admin/src/main/resources/application-dev.yml::::spring.datasource.username::::root <-> mall::::mall-search/src/main/resources/application-dev.yml::::spring.datasource.username::::root,mall,spring.datasource.username,root,ConfigType.USERNAME,mall-admin/src/main/resources/application-dev.yml,spring,spring.datasource.username,root,ConfigType.USERNAME,mall-search/src/main/resources/application-dev.yml,spring,Borderline,Borderline,"if both modules share same database then true, else false",False,False,True,False,True,False,False,False
value-equality,mall::::mall-admin/pom.xml::::project::::parent_mall::::artifactId::::mall <-> mall::::mall-portal/src/main/resources/application-prod.yml::::spring.rabbitmq.password::::mall,mall,project.parent_mall.artifactId,mall,ConfigType.NAME,mall-admin/pom.xml,maven,spring.rabbitmq.password,mall,ConfigType.PASSWORD,mall-portal/src/main/resources/application-prod.yml,spring,FALSE,FALSE,,False,False,False,False,,False,,False
value-equality,mall::::mall-admin/src/main/resources/application-dev.yml::::spring.datasource.url::::jdbc:mysql://localhost:3306/mall?useUnicode=true&characterEncoding=utf-8&serverTimezone=Asia/Shanghai&useSSL=false <-> mall::::mall-portal/src/main/resources/application-dev.yml::::spring.datasource.url::::jdbc:mysql://localhost:3306/mall?useUnicode=true&characterEncoding=utf-8&serverTimezone=Asia/Shanghai&useSSL=false,mall,spring.datasource.url,jdbc:mysql://localhost:3306/mall?useUnicode=true&characterEncoding=utf-8&serverTimezone=Asia/Shanghai&useSSL=false,ConfigType.URL,mall-admin/src/main/resources/application-dev.yml,spring,spring.datasource.url,jdbc:mysql://localhost:3306/mall?useUnicode=true&characterEncoding=utf-8&serverTimezone=Asia/Shanghai&useSSL=false,ConfigType.URL,mall-portal/src/main/resources/application-dev.yml,spring,TRUE,TRUE,,False,True,True,True,,True,True,True
value-equality,mall::::mall-common/pom.xml::::project::::dependencies::::dependency_spring-boot-starter-data-redis::::groupId::::org.springframework.boot <-> mall::::mall-demo/pom.xml::::project::::dependencies::::dependency_spring-boot-starter-security::::groupId::::org.springframework.boot,mall,project.dependencies.dependency_spring-boot-starter-data-redis.groupId,org.springframework.boot,ConfigType.NAME,mall-common/pom.xml,maven,project.dependencies.dependency_spring-boot-starter-security.groupId,org.springframework.boot,ConfigType.NAME,mall-demo/pom.xml,maven,FALSE,FALSE,,False,False,False,False,,True,True,True
value-equality,mall::::mall-admin/src/main/resources/application-prod.yml::::logging.level.com.macro.mall::::info <-> mall::::mall-portal/src/main/resources/application-prod.yml::::logging.level.root::::info,mall,logging.level.com.macro.mall,info,ConfigType.UNKNOWN,mall-admin/src/main/resources/application-prod.yml,spring,logging.level.root,info,ConfigType.UNKNOWN,mall-portal/src/main/resources/application-prod.yml,spring,FALSE,FALSE,,False,False,True,True,True,False,False,False
value-equality,mall::::mall-admin/pom.xml::::project::::parent_mall::::groupId::::com.macro.mall <-> mall::::mall-common/pom.xml::::project::::groupId::::com.macro.mall,mall,project.parent_mall.groupId,com.macro.mall,ConfigType.NAME,mall-admin/pom.xml,maven,project.groupId,com.macro.mall,ConfigType.NAME,mall-common/pom.xml,maven,Borderline,TRUE,submodules need to specific the paren groupId to correctly identify project artifacts,True,True,True,True,,False,True,True
value-equality,mall::::mall-admin/src/main/resources/application-dev.yml::::minio.bucketName::::mall <-> mall::::mall-admin/src/main/resources/application.yml::::redis.database::::mall,mall,minio.bucketName,mall,ConfigType.UNKNOWN,mall-admin/src/main/resources/application-dev.yml,spring,redis.database,mall,ConfigType.NAME,mall-admin/src/main/resources/application.yml,spring,Borderline,FALSE,,False,False,False,False,True,False,False,False
value-equality,mall::::mall-portal/pom.xml::::project::::modelVersion::::modelVersion:4.0.0 <-> mall::::pom.xml::::project::::modelVersion::::modelVersion:4.0.0,mall,project.modelVersion,modelVersion:4.0.0,ConfigType.VERSION_NUMBER,mall-portal/pom.xml,maven,project.modelVersion,modelVersion:4.0.0,ConfigType.VERSION_NUMBER,pom.xml,maven,TRUE,TRUE,,True,True,True,True,False,True,True,True
value-equality,mall::::mall-portal/src/main/resources/application-dev.yml::::server.port::::8085 <-> mall::::mall-portal/src/main/resources/application-prod.yml::::server.port::::8085,mall,server.port,8085,ConfigType.PORT,mall-portal/src/main/resources/application-dev.yml,spring,server.port,8085,ConfigType.PORT,mall-portal/src/main/resources/application-prod.yml,spring,FALSE,FALSE,,False,False,True,False,,True,True,False
value-equality,mall::::mall-admin/pom.xml::::project::::parent_mall::::groupId::::com.macro.mall <-> mall::::mall-portal/pom.xml::::project::::dependencies::::dependency_mall-security::::groupId::::com.macro.mall,mall,project.parent_mall.groupId,com.macro.mall,ConfigType.NAME,mall-admin/pom.xml,maven,project.dependencies.dependency_mall-security.groupId,com.macro.mall,ConfigType.NAME,mall-portal/pom.xml,maven,FALSE,FALSE,,False,False,False,False,True,False,False,True
value-equality,mall::::mall-mbg/pom.xml::::project::::artifactId::::mall-mbg <-> mall::::mall-search/pom.xml::::project::::dependencies::::dependency_mall-mbg::::artifactId::::mall-mbg,mall,project.artifactId,mall-mbg,ConfigType.NAME,mall-mbg/pom.xml,maven,project.dependencies.dependency_mall-mbg.artifactId,mall-mbg,ConfigType.NAME,mall-search/pom.xml,maven,TRUE,TRUE,,True,True,False,True,True,False,False,False
value-equality,mall::::mall-admin/src/main/resources/application.yml::::redis.database::::mall <-> mall::::mall-portal/src/main/resources/application.yml::::redis.database::::mall,mall,redis.database,mall,ConfigType.NAME,mall-admin/src/main/resources/application.yml,spring,redis.database,mall,ConfigType.NAME,mall-portal/src/main/resources/application.yml,spring,Borderline,Borderline,"if both modules share same database then true, else false",False,False,True,False,,True,,False
value-equality,mall::::mall-admin/src/main/resources/application-dev.yml::::spring.datasource.druid.min-idle::::10 <-> mall::::mall-admin/src/main/resources/application.yml::::aliyun.oss.maxSize::::10,mall,spring.datasource.druid.min-idle,10,ConfigType.VERSION_NUMBER,mall-admin/src/main/resources/application-dev.yml,spring,aliyun.oss.maxSize,10,ConfigType.NUMBER,mall-admin/src/main/resources/application.yml,spring,FALSE,FALSE,,False,False,False,False,False,False,,False
value-equality,mall::::mall-admin/src/main/resources/application-dev.yml::::logging.level.com.macro.mall::::debug <-> mall::::mall-demo/src/main/resources/application.yml::::logging.level.com.macro.mall::::debug,mall,logging.level.com.macro.mall,debug,ConfigType.UNKNOWN,mall-admin/src/main/resources/application-dev.yml,spring,logging.level.com.macro.mall,debug,ConfigType.UNKNOWN,mall-demo/src/main/resources/application.yml,spring,FALSE,FALSE,,False,False,True,True,,False,False,False
value-equality,mall::::mall-admin/pom.xml::::project::::groupId::::com.macro.mall <-> mall::::mall-mbg/pom.xml::::project::::parent_mall::::groupId::::com.macro.mall,mall,project.groupId,com.macro.mall,ConfigType.NAME,mall-admin/pom.xml,maven,project.parent_mall.groupId,com.macro.mall,ConfigType.NAME,mall-mbg/pom.xml,maven,Borderline,TRUE,submodules need to specific the paren groupId to correctly identify project artifacts,True,True,True,False,,True,False,False
value-equality,mall::::pom.xml::::project::::dependencyManagement::::dependencies::::dependency_swagger-annotations::::groupId::::io.swagger <-> mall::::pom.xml::::project::::dependencyManagement::::dependencies::::dependency_swagger-models::::groupId::::io.swagger,mall,project.dependencyManagement.dependencies.dependency_swagger-annotations.groupId,io.swagger,ConfigType.NAME,pom.xml,maven,project.dependencyManagement.dependencies.dependency_swagger-models.groupId,io.swagger,ConfigType.NAME,pom.xml,maven,FALSE,FALSE,,False,False,True,False,False,False,True,True
value-equality,mall::::mall-admin/src/main/resources/application-dev.yml::::spring.datasource.druid.stat-view-servlet.login-password::::druid <-> mall::::mall-admin/src/main/resources/application-prod.yml::::spring.datasource.druid.stat-view-servlet.login-password::::druid,mall,spring.datasource.druid.stat-view-servlet.login-password,druid,ConfigType.VERSION_NUMBER,mall-admin/src/main/resources/application-dev.yml,spring,spring.datasource.druid.stat-view-servlet.login-password,druid,ConfigType.VERSION_NUMBER,mall-admin/src/main/resources/application-prod.yml,spring,FALSE,FALSE,,False,False,True,True,True,False,True,False
value-equality,mall::::mall-demo/pom.xml::::project::::parent_mall::::version::::version:1.0-SNAPSHOT <-> mall::::pom.xml::::project::::version::::version:1.0-SNAPSHOT,mall,project.parent_mall.version,version:1.0-SNAPSHOT,ConfigType.VERSION_NUMBER,mall-demo/pom.xml,maven,project.version,version:1.0-SNAPSHOT,ConfigType.VERSION_NUMBER,pom.xml,maven,Borderline,FALSE,different submodules can have different version,True,False,True,True,,True,True,True
value-equality,mall::::document/docker/docker-compose-app.yml::::services::::mall-admin::::volumes::::/etc/localtime:/etc/localtime <-> mall::::document/docker/docker-compose-app.yml::::services::::mall-search::::volumes::::/etc/localtime:/etc/localtime,mall,services.mall-admin.volumes,/etc/localtime:/etc/localtime,ConfigType.UNKNOWN,document/docker/docker-compose-app.yml,docker-compose,services.mall-search.volumes,/etc/localtime:/etc/localtime,ConfigType.UNKNOWN,document/docker/docker-compose-app.yml,docker-compose,Borderline,FALSE,different services can have different volumes,True,False,True,False,True,False,True,True
value-equality,mall::::mall-admin/src/main/resources/application-dev.yml::::minio.bucketName::::mall <-> mall::::mall-mbg/pom.xml::::project::::parent_mall::::artifactId::::mall,mall,minio.bucketName,mall,ConfigType.UNKNOWN,mall-admin/src/main/resources/application-dev.yml,spring,project.parent_mall.artifactId,mall,ConfigType.NAME,mall-mbg/pom.xml,maven,Borderline,FALSE,options do not depend on each other,False,False,False,False,False,False,False,False
value-equality,mall::::mall-admin/src/main/resources/application-dev.yml::::minio.bucketName::::mall <-> mall::::mall-portal/src/main/resources/application-prod.yml::::spring.rabbitmq.password::::mall,mall,minio.bucketName,mall,ConfigType.UNKNOWN,mall-admin/src/main/resources/application-dev.yml,spring,spring.rabbitmq.password,mall,ConfigType.PASSWORD,mall-portal/src/main/resources/application-prod.yml,spring,FALSE,FALSE,,False,False,False,False,True,False,False,False
value-equality,mall::::mall-portal/pom.xml::::project::::dependencies::::dependency_mall-security::::artifactId::::mall-security <-> mall::::mall-security/pom.xml::::project::::artifactId::::mall-security,mall,project.dependencies.dependency_mall-security.artifactId,mall-security,ConfigType.NAME,mall-portal/pom.xml,maven,project.artifactId,mall-security,ConfigType.NAME,mall-security/pom.xml,maven,TRUE,TRUE,,True,True,True,False,False,True,True,True
value-equality,mall::::mall-admin/src/main/resources/application-prod.yml::::spring.datasource.druid.stat-view-servlet.login-password::::druid <-> mall::::mall-admin/src/main/resources/application-prod.yml::::spring.datasource.druid.stat-view-servlet.login-username::::druid,mall,spring.datasource.druid.stat-view-servlet.login-password,druid,ConfigType.VERSION_NUMBER,mall-admin/src/main/resources/application-prod.yml,spring,spring.datasource.druid.stat-view-servlet.login-username,druid,ConfigType.VERSION_NUMBER,mall-admin/src/main/resources/application-prod.yml,spring,Borderline,Borderline,"if both modules share same database then true, else false",False,False,True,True,,True,True,False
value-equality,mall::::document/docker/docker-compose-env.yml::::services::::minio::::ports::::in::::9001 <-> mall::::document/docker/docker-compose-env.yml::::services::::minio::::ports::::out::::9001,mall,services.minio.ports.in,9001,ConfigType.PORT,document/docker/docker-compose-env.yml,docker-compose,services.minio.ports.out,9001,ConfigType.PORT,document/docker/docker-compose-env.yml,docker-compose,Borderline,FALSE,in and out port can be different,True,True,True,False,,True,True,True
value-equality,mall::::mall-search/src/main/resources/application-dev.yml::::spring.datasource.password::::root <-> mall::::mall-search/src/main/resources/application-dev.yml::::spring.datasource.username::::root,mall,spring.datasource.password,root,ConfigType.PASSWORD,mall-search/src/main/resources/application-dev.yml,spring,spring.datasource.username,root,ConfigType.USERNAME,mall-search/src/main/resources/application-dev.yml,spring,FALSE,FALSE,,False,False,False,False,,True,True,True
value-equality,mall::::mall-admin/pom.xml::::project::::parent_mall::::artifactId::::mall <-> mall::::mall-portal/pom.xml::::project::::parent_mall::::artifactId::::mall,mall,project.parent_mall.artifactId,mall,ConfigType.NAME,mall-admin/pom.xml,maven,project.parent_mall.artifactId,mall,ConfigType.NAME,mall-portal/pom.xml,maven,Borderline,TRUE,submodules have to specify artifatId of parent module,True,True,True,False,False,False,,False
value-equality,mall::::mall-admin/src/main/resources/application-prod.yml::::minio.bucketName::::mall <-> mall::::mall-common/pom.xml::::project::::parent_mall::::artifactId::::mall,mall,minio.bucketName,mall,ConfigType.UNKNOWN,mall-admin/src/main/resources/application-prod.yml,spring,project.parent_mall.artifactId,mall,ConfigType.NAME,mall-common/pom.xml,maven,Borderline,FALSE,options do not depend on each other,False,False,False,False,False,False,False,False
value-equality,mall::::mall-admin/pom.xml::::project::::packaging::::jar <-> mall::::mall-security/pom.xml::::project::::packaging::::jar,mall,project.packaging,jar,ConfigType.TYPE,mall-admin/pom.xml,maven,project.packaging,jar,ConfigType.TYPE,mall-security/pom.xml,maven,FALSE,FALSE,,False,False,True,False,False,False,False,False
value-equality,mall::::document/docker/docker-compose-env.yml::::services::::elasticsearch::::ports::::in::::9200 <-> mall::::document/docker/docker-compose-env.yml::::services::::elasticsearch::::ports::::out::::9200,mall,services.elasticsearch.ports.in,9200,ConfigType.PORT,document/docker/docker-compose-env.yml,docker-compose,services.elasticsearch.ports.out,9200,ConfigType.PORT,document/docker/docker-compose-env.yml,docker-compose,FALSE,FALSE,,False,False,True,True,True,True,,True
value-equality,mall::::document/sh/Dockerfile::::ADD::::src::::mall-admin-1.0-SNAPSHOT.jar <-> mall::::document/sh/Dockerfile::::ENTRYPOINT::::param2::::mall-admin-1.0-SNAPSHOT.jar,mall,ADD.src,mall-admin-1.0-SNAPSHOT.jar,ConfigType.PATH,document/sh/Dockerfile,docker,ENTRYPOINT.param2,mall-admin-1.0-SNAPSHOT.jar,ConfigType.UNKNOWN,document/sh/Dockerfile,docker,TRUE,TRUE,,True,True,True,True,False,,,True
value-equality,mall::::mall-security/pom.xml::::project::::dependencies::::dependency_jjwt::::artifactId::::jjwt <-> mall::::pom.xml::::project::::dependencyManagement::::dependencies::::dependency_jjwt::::artifactId::::jjwt,mall,project.dependencies.dependency_jjwt.artifactId,jjwt,ConfigType.NAME,mall-security/pom.xml,maven,project.dependencyManagement.dependencies.dependency_jjwt.artifactId,jjwt,ConfigType.NAME,pom.xml,maven,TRUE,TRUE,,True,True,True,True,,False,,True
value-equality,mall::::mall-common/pom.xml::::project::::parent_mall::::groupId::::com.macro.mall <-> mall::::pom.xml::::project::::dependencyManagement::::dependencies::::dependency_mall-mbg::::groupId::::com.macro.mall,mall,project.parent_mall.groupId,com.macro.mall,ConfigType.NAME,mall-common/pom.xml,maven,project.dependencyManagement.dependencies.dependency_mall-mbg.groupId,com.macro.mall,ConfigType.NAME,pom.xml,maven,Borderline,TRUE,groupID of parent and sobmodules need to match,False,True,True,True,True,True,False,True
value-equality,mall::::mall-search/pom.xml::::project::::artifactId::::mall-search <-> mall::::pom.xml::::project::::modules::::module::::mall-search,mall,project.artifactId,mall-search,ConfigType.NAME,mall-search/pom.xml,maven,project.modules.module,mall-search,ConfigType.NAME,pom.xml,maven,TRUE,TRUE,,True,True,True,False,True,False,False,False
value-equality,mall::::mall-admin/pom.xml::::project::::dependencies::::dependency_mall-mbg::::artifactId::::mall-mbg <-> mall::::pom.xml::::project::::dependencyManagement::::dependencies::::dependency_mall-mbg::::artifactId::::mall-mbg,mall,project.dependencies.dependency_mall-mbg.artifactId,mall-mbg,ConfigType.NAME,mall-admin/pom.xml,maven,project.dependencyManagement.dependencies.dependency_mall-mbg.artifactId,mall-mbg,ConfigType.NAME,pom.xml,maven,TRUE,TRUE,,True,True,True,True,True,False,True,True
value-equality,mall::::mall-demo/pom.xml::::project::::groupId::::com.macro.mall <-> mall::::mall-mbg/pom.xml::::project::::parent_mall::::groupId::::com.macro.mall,mall,project.groupId,com.macro.mall,ConfigType.NAME,mall-demo/pom.xml,maven,project.parent_mall.groupId,com.macro.mall,ConfigType.NAME,mall-mbg/pom.xml,maven,FALSE,FALSE,,True,False,True,True,,False,False,False
value-equality,mall::::mall-admin/pom.xml::::project::::modelVersion::::modelVersion:4.0.0 <-> mall::::mall-mbg/pom.xml::::project::::modelVersion::::modelVersion:4.0.0,mall,project.modelVersion,modelVersion:4.0.0,ConfigType.VERSION_NUMBER,mall-admin/pom.xml,maven,project.modelVersion,modelVersion:4.0.0,ConfigType.VERSION_NUMBER,mall-mbg/pom.xml,maven,Borderline,TRUE,modelVersion 4.0.0 is the only version supported in Maven,True,False,True,True,False,True,True,True
value-equality,mall::::mall-admin/pom.xml::::project::::parent_mall::::version::::version:1.0-SNAPSHOT <-> mall::::mall-portal/pom.xml::::project::::version::::version:1.0-SNAPSHOT,mall,project.parent_mall.version,version:1.0-SNAPSHOT,ConfigType.VERSION_NUMBER,mall-admin/pom.xml,maven,project.version,version:1.0-SNAPSHOT,ConfigType.VERSION_NUMBER,mall-portal/pom.xml,maven,Borderline,FALSE,different modules can have different version,False,False,True,False,,False,False,True
value-equality,mall::::document/docker/docker-compose-env.yml::::services::::logstash::::container_name::::logstash <-> mall::::mall-portal/src/main/resources/application-prod.yml::::logstash.host::::logstash,mall,services.logstash.container_name,logstash,ConfigType.NAME,document/docker/docker-compose-env.yml,docker-compose,logstash.host,logstash,ConfigType.URL,mall-portal/src/main/resources/application-prod.yml,spring,FALSE,FALSE,,True,False,True,False,,False,True,False
value-equality,mall::::mall-admin/src/main/resources/application-prod.yml::::spring.datasource.druid.min-idle::::10 <-> mall::::mall-search/src/main/resources/application-prod.yml::::spring.datasource.druid.min-idle::::10,mall,spring.datasource.druid.min-idle,10,ConfigType.VERSION_NUMBER,mall-admin/src/main/resources/application-prod.yml,spring,spring.datasource.druid.min-idle,10,ConfigType.VERSION_NUMBER,mall-search/src/main/resources/application-prod.yml,spring,Borderline,Borderline,"if both modules share same database then true, else false",False,False,True,True,,False,,False
value-equality,mall::::mall-admin/src/main/resources/application-dev.yml::::logging.level.root::::info <-> mall::::mall-portal/src/main/resources/application-prod.yml::::logging.level.root::::info,mall,logging.level.root,info,ConfigType.UNKNOWN,mall-admin/src/main/resources/application-dev.yml,spring,logging.level.root,info,ConfigType.UNKNOWN,mall-portal/src/main/resources/application-prod.yml,spring,FALSE,FALSE,,False,False,True,False,False,False,,False
value-equality,mall::::document/docker/docker-compose-app.yml::::services::::mall-portal::::container_name::::mall-portal <-> mall::::mall-portal/pom.xml::::project::::name::::mall-portal,mall,services.mall-portal.container_name,mall-portal,ConfigType.NAME,document/docker/docker-compose-app.yml,docker-compose,project.name,mall-portal,ConfigType.NAME,mall-portal/pom.xml,maven,FALSE,FALSE,,False,False,False,False,False,True,True,True
